"Дата","Цена","Откр.","Макс.","Мин.","Объём","Изм. %"
"28 июл. 2022 г.","6,254","6,393","6,443","6,252","","-2,71%"
"27 июл. 2022 г.","6,429","6,487","6,492","6,387","","-2,36%"
"26 июл. 2022 г.","6,584","6,560","6,652","6,557","","0,75%"
"25 июл. 2022 г.","6,535","6,540","6,591","6,487","","0,00%"
"22 июл. 2022 г.","6,535","6,553","6,633","6,518","","-0,28%"
"21 июл. 2022 г.","6,554","6,573","6,635","6,538","","-0,36%"
"20 июл. 2022 г.","6,577","6,636","6,657","6,566","","-1,26%"
"19 июл. 2022 г.","6,661","6,663","6,671","6,573","","-1,40%"
"18 июл. 2022 г.","6,756","6,609","6,782","6,574","","1,50%"
"15 июл. 2022 г.","6,656","6,734","6,766","6,634","","-2,45%"
"14 июл. 2022 г.","6,823","6,919","6,983","6,802","","0,74%"
"13 июл. 2022 г.","6,773","6,894","6,898","6,733","","-0,08%"
"12 июл. 2022 г.","6,778","6,739","6,830","6,671","","0,45%"
"11 июл. 2022 г.","6,747","6,701","6,775","6,675","","1,72%"
"08 июл. 2022 г.","6,634","6,710","6,715","6,602","","-1,16%"
"07 июл. 2022 г.","6,712","6,707","6,725","6,642","","-0,52%"
"06 июл. 2022 г.","6,747","6,808","6,880","6,742","","-0,73%"
"05 июл. 2022 г.","6,797","6,926","6,988","6,792","","-0,05%"
"04 июл. 2022 г.","6,800","6,800","6,800","6,800","","0,00%"
"01 июл. 2022 г.","6,800","6,933","7,002","6,793","","-1,45%"
"30 июн. 2022 г.","6,900","6,938","7,020","6,861","","1,12%"
"29 июн. 2022 г.","6,824","6,818","6,906","6,791","","0,32%"
"28 июн. 2022 г.","6,802","6,637","6,846","6,602","","1,72%"
"27 июн. 2022 г.","6,687","6,741","6,780","6,640","","-1,36%"
"24 июн. 2022 г.","6,779","6,771","6,781","6,704","","-1,14%"
"23 июн. 2022 г.","6,857","6,821","6,959","6,795","","0,14%"
"22 июн. 2022 г.","6,848","7,057","7,065","6,848","","-2,13%"
"21 июн. 2022 г.","6,997","6,944","6,999","6,859","","-1,51%"
"20 июн. 2022 г.","7,104","7,104","7,104","7,104","","0,00%"
"17 июн. 2022 г.","7,104","7,240","7,286","7,068","","-2,41%"
"16 июн. 2022 г.","7,280","7,162","7,347","7,130","","4,33%"
"15 июн. 2022 г.","6,978","7,125","7,137","6,795","","-3,49%"
"14 июн. 2022 г.","7,230","7,347","7,408","7,191","","-1,87%"
"13 июн. 2022 г.","7,368","7,180","7,424","7,136","","6,75%"
"10 июн. 2022 г.","6,903","6,796","6,959","6,751","","4,28%"
"09 июн. 2022 г.","6,619","6,511","6,631","6,461","","2,71%"
"08 июн. 2022 г.","6,445","6,491","6,528","6,413","","0,03%"
"07 июн. 2022 г.","6,443","6,668","6,670","6,433","","-1,68%"
"06 июн. 2022 г.","6,553","6,506","6,602","6,481","","-0,43%"
"03 июн. 2022 г.","6,581","6,580","6,629","6,534","","0,94%"
"02 июн. 2022 г.","6,520","6,660","6,677","6,477","","-1,82%"
"01 июн. 2022 г.","6,641","6,606","6,803","6,560","","-0,49%"
"31 мая 2022 г.","6,674","6,805","6,882","6,642","","-0,55%"
"30 мая 2022 г.","6,711","6,711","6,711","6,711","","0,00%"
"27 мая 2022 г.","6,711","6,727","6,766","6,701","","-2,16%"
"26 мая 2022 г.","6,859","6,807","6,864","6,758","","0,27%"
"25 мая 2022 г.","6,840","7,054","7,054","6,826","","-2,13%"
"24 мая 2022 г.","6,989","7,044","7,185","6,982","","0,14%"
"23 мая 2022 г.","6,979","6,930","7,041","6,866","","-0,34%"
"20 мая 2022 г.","7,003","6,865","7,310","6,848","","0,70%"
"19 мая 2022 г.","6,955","7,296","7,323","6,942","","-3,69%"
"18 мая 2022 г.","7,221","6,846","7,236","6,820","","6,49%"
"17 мая 2022 г.","6,781","6,696","6,817","6,672","","-0,77%"
"16 мая 2022 г.","6,834","6,925","6,941","6,816","","-1,94%"
"13 мая 2022 г.","6,969","7,027","7,041","6,862","","-2,99%"
"12 мая 2022 г.","7,183","7,335","7,415","7,133","","-0,91%"
"11 мая 2022 г.","7,249","7,279","7,340","7,017","","0,01%"
"10 мая 2022 г.","7,249","7,177","7,459","7,150","","-2,95%"
"09 мая 2022 г.","7,469","7,232","7,510","7,177","","7,02%"
"06 мая 2022 г.","6,979","7,142","7,499","6,954","","-1,61%"
"05 мая 2022 г.","7,093","6,146","7,214","6,106","","18,60%"
"04 мая 2022 г.","5,980","6,512","6,604","5,947","","-9,40%"
"03 мая 2022 г.","6,601","6,891","6,938","6,576","","-5,32%"
"02 мая 2022 г.","6,972","7,069","7,368","6,949","","4,24%"
"28 апр. 2022 г.","6,689","6,674","6,808","6,493","","-2,88%"
"27 апр. 2022 г.","6,887","6,827","6,887","6,659","","0,68%"
"26 апр. 2022 г.","6,840","6,583","6,843","6,576","","5,23%"
"25 апр. 2022 г.","6,501","6,622","6,760","6,481","","-1,45%"
"22 апр. 2022 г.","6,596","6,284","6,614","6,274","","5,12%"
"21 апр. 2022 г.","6,275","5,954","6,296","5,949","","4,29%"
"20 апр. 2022 г.","6,017","6,058","6,106","6,006","","-1,67%"
"19 апр. 2022 г.","6,120","6,283","6,305","6,073","","-2,79%"
"18 апр. 2022 г.","6,295","6,338","6,366","6,252","","-0,27%"
"15 апр. 2022 г.","6,312","6,312","6,312","6,312","","0,00%"
"14 апр. 2022 г.","6,312","6,158","6,313","6,117","","1,59%"
"13 апр. 2022 г.","6,213","6,430","6,432","6,188","","-2,87%"
"12 апр. 2022 г.","6,396","6,296","6,416","6,217","","0,77%"
"11 апр. 2022 г.","6,347","6,235","6,358","6,215","","2,88%"
"08 апр. 2022 г.","6,169","6,203","6,236","6,094","","0,24%"
"07 апр. 2022 г.","6,155","6,270","6,351","6,119","","-0,99%"
"06 апр. 2022 г.","6,216","6,234","6,363","6,174","","1,18%"
"05 апр. 2022 г.","6,144","5,946","6,153","5,924","","4,03%"
"04 апр. 2022 г.","5,906","6,002","6,021","5,896","","-1,87%"
"01 апр. 2022 г.","6,018","6,023","6,117","5,982","","-1,06%"
"31 мар. 2022 г.","6,083","5,996","6,098","5,987","","1,95%"
"30 мар. 2022 г.","5,966","5,936","6,048","5,903","","0,96%"
"29 мар. 2022 г.","5,909","5,969","5,998","5,897","","-1,97%"
"28 мар. 2022 г.","6,028","6,100","6,232","6,028","","-0,72%"
"25 мар. 2022 г.","6,072","6,166","6,220","6,061","","-1,61%"
"24 мар. 2022 г.","6,171","6,209","6,260","6,097","","-0,61%"
"23 мар. 2022 г.","6,209","6,307","6,315","6,199","","-0,02%"
"22 мар. 2022 г.","6,210","6,223","6,241","6,175","","-1,60%"
"21 мар. 2022 г.","6,311","6,297","6,327","6,102","","0,41%"
"18 мар. 2022 г.","6,285","6,576","6,608","6,284","","-3,62%"
"17 мар. 2022 г.","6,521","6,602","6,616","6,447","","-1,49%"
"16 мар. 2022 г.","6,620","6,823","6,873","6,587","","-5,05%"
"15 мар. 2022 г.","6,972","7,018","7,067","6,895","","-1,51%"
"14 мар. 2022 г.","7,079","6,944","7,251","6,817","","1,53%"
"11 мар. 2022 г.","6,972","6,751","6,972","6,751","","1,39%"
"10 мар. 2022 г.","6,876","7,054","7,102","6,866","","-1,62%"
"09 мар. 2022 г.","6,990","6,869","6,997","6,777","","-1,62%"
"08 мар. 2022 г.","7,105","7,074","7,250","6,833","","-0,18%"
"07 мар. 2022 г.","7,118","6,742","7,118","6,742","","6,20%"
"04 мар. 2022 г.","6,702","6,782","6,893","6,685","","1,75%"
"03 мар. 2022 г.","6,587","6,484","6,646","6,444","","1,36%"
"02 мар. 2022 г.","6,499","6,677","6,698","6,458","","-3,57%"
"01 мар. 2022 г.","6,739","6,464","6,778","6,408","","5,92%"
"28 февр. 2022 г.","6,363","6,386","6,494","6,266","","3,67%"
"25 февр. 2022 г.","6,137","6,265","6,318","6,092","","-1,93%"
"24 февр. 2022 г.","6,258","6,711","6,716","6,230","","-2,26%"
"23 февр. 2022 г.","6,403","6,083","6,411","6,071","","3,85%"
"22 февр. 2022 г.","6,166","6,232","6,292","6,107","","-0,58%"
"18 февр. 2022 г.","6,202","6,109","6,253","6,079","","1,34%"
"17 февр. 2022 г.","6,120","5,973","6,127","5,946","","5,08%"
"16 февр. 2022 г.","5,824","6,059","6,087","5,815","","-2,44%"
"15 февр. 2022 г.","5,969","6,042","6,086","5,950","","-3,47%"
"14 февр. 2022 г.","6,184","6,240","6,254","6,142","","-0,25%"
"11 февр. 2022 г.","6,199","5,836","6,265","5,825","","4,97%"
"10 февр. 2022 г.","5,906","5,770","5,972","5,650","","4,42%"
"09 февр. 2022 г.","5,656","5,671","5,715","5,635","","-1,89%"
"08 февр. 2022 г.","5,765","5,889","5,956","5,750","","-3,28%"
"07 февр. 2022 г.","5,960","5,971","6,013","5,849","","-2,01%"
"04 февр. 2022 г.","6,082","6,187","6,319","5,905","","-2,98%"
"03 февр. 2022 г.","6,269","5,934","6,272","5,791","","11,69%"
"02 февр. 2022 г.","5,613","5,709","5,853","5,587","","-2,13%"
"01 февр. 2022 г.","5,735","6,083","6,257","5,730","","-7,53%"
"31 янв. 2022 г.","6,202","6,728","6,777","6,190","","-6,73%"
"28 янв. 2022 г.","6,650","6,922","7,194","6,619","","-5,66%"
"27 янв. 2022 г.","7,049","6,725","7,198","6,627","","0,90%"
"26 янв. 2022 г.","6,986","6,699","7,109","6,521","","1,06%"
"25 янв. 2022 г.","6,913","7,142","7,306","6,828","","0,92%"
"24 янв. 2022 г.","6,850","7,059","7,442","6,831","","0,39%"
"21 янв. 2022 г.","6,823","6,575","6,825","6,505","","4,57%"
"20 янв. 2022 г.","6,525","6,387","6,552","6,284","","0,63%"
"19 янв. 2022 г.","6,484","6,376","6,498","6,335","","0,62%"
"18 янв. 2022 г.","6,444","6,398","6,500","6,382","","2,87%"
"17 янв. 2022 г.","6,264","6,264","6,264","6,264","","0,00%"
"14 янв. 2022 г.","6,264","6,447","6,467","6,240","","-1,45%"
"13 янв. 2022 г.","6,356","6,165","6,381","6,125","","2,75%"
"12 янв. 2022 г.","6,186","6,135","6,211","6,080","","0,02%"
"11 янв. 2022 г.","6,184","6,330","6,391","6,156","","-1,61%"
"10 янв. 2022 г.","6,286","6,482","6,610","6,273","","-1,21%"
"07 янв. 2022 г.","6,362","6,481","6,564","6,350","","-2,30%"
"06 янв. 2022 г.","6,512","6,512","6,543","6,404","","0,20%"
"05 янв. 2022 г.","6,499","6,322","6,532","6,214","","3,18%"
"04 янв. 2022 г.","6,298","6,283","6,385","6,269","","-0,14%"
"03 янв. 2022 г.","6,307","6,355","6,421","6,295","","-1,41%"
"31 дек. 2021 г.","6,397","6,409","6,446","6,364","","-0,22%"
"30 дек. 2021 г.","6,411","6,385","6,450","6,351","","0,19%"
"29 дек. 2021 г.","6,399","6,466","6,524","6,366","","-1,37%"
"28 дек. 2021 г.","6,488","6,555","6,597","6,485","","-1,26%"
"27 дек. 2021 г.","6,570","6,615","6,653","6,553","","-1,17%"
"23 дек. 2021 г.","6,648","6,624","6,658","6,587","","-0,33%"
"22 дек. 2021 г.","6,670","6,836","6,836","6,665","","-2,51%"
"21 дек. 2021 г.","6,842","6,873","6,949","6,774","","-1,81%"
"20 дек. 2021 г.","6,968","7,169","7,264","6,953","","0,92%"
"17 дек. 2021 г.","6,904","6,906","6,987","6,721","","2,15%"
"16 дек. 2021 г.","6,759","6,531","6,850","6,513","","2,79%"
"15 дек. 2021 г.","6,575","6,874","6,987","6,563","","-4,15%"
"14 дек. 2021 г.","6,860","6,898","7,029","6,793","","1,21%"
"13 дек. 2021 г.","6,779","6,599","6,789","6,599","","3,53%"
"10 дек. 2021 г.","6,547","6,618","6,798","6,538","","-4,80%"
"09 дек. 2021 г.","6,877","6,715","7,002","6,619","","2,39%"
"08 дек. 2021 г.","6,717","7,076","7,166","6,710","","-5,97%"
"07 дек. 2021 г.","7,143","7,576","7,576","7,039","","-10,82%"
"06 дек. 2021 г.","8,010","8,405","8,696","7,999","","-8,45%"
"03 дек. 2021 г.","8,749","8,027","9,331","7,977","","7,76%"
"02 дек. 2021 г.","8,119","8,285","8,415","7,970","","-4,32%"
"01 дек. 2021 г.","8,485","7,687","8,492","7,491","","4,87%"
"30 нояб. 2021 г.","8,091","7,671","8,129","7,639","","8,47%"
"29 нояб. 2021 г.","7,459","7,680","7,703","7,392","","-7,58%"
"26 нояб. 2021 г.","8,071","7,576","8,181","7,528","","12,09%"
"25 нояб. 2021 г.","7,200","7,200","7,200","7,200","","0,00%"
"24 нояб. 2021 г.","7,200","7,362","7,412","7,200","","-0,67%"
"23 нояб. 2021 г.","7,249","7,367","7,421","7,242","","-1,12%"
"22 нояб. 2021 г.","7,332","7,189","7,335","7,185","","1,26%"
"19 нояб. 2021 г.","7,240","7,294","7,374","7,225","","-0,24%"
"18 нояб. 2021 г.","7,258","7,190","7,306","7,182","","0,61%"
"17 нояб. 2021 г.","7,214","7,092","7,223","7,086","","1,80%"
"16 нояб. 2021 г.","7,086","7,086","7,094","7,028","","0,16%"
"15 нояб. 2021 г.","7,075","7,020","7,171","7,020","","0,08%"
"12 нояб. 2021 г.","7,070","7,091","7,113","7,012","","-1,02%"
"11 нояб. 2021 г.","7,143","7,167","7,185","7,082","","-0,93%"
"10 нояб. 2021 г.","7,210","7,266","7,309","7,098","","0,10%"
"09 нояб. 2021 г.","7,202","7,153","7,260","7,149","","1,37%"
"08 нояб. 2021 г.","7,106","7,068","7,179","7,052","","0,04%"
"05 нояб. 2021 г.","7,102","6,957","7,120","6,949","","1,58%"
"04 нояб. 2021 г.","6,992","6,873","7,008","6,854","","1,39%"
"03 нояб. 2021 г.","6,896","7,050","7,055","6,883","","-2,02%"
"02 нояб. 2021 г.","7,039","7,140","7,144","7,036","","-1,51%"
"01 нояб. 2021 г.","7,147","7,142","7,256","7,133","","-0,49%"
"29 окт. 2021 г.","7,182","7,208","7,209","7,149","","1,14%"
"28 окт. 2021 г.","7,101","7,155","7,185","7,096","","-1,82%"
"27 окт. 2021 г.","7,233","7,121","7,248","7,047","","1,62%"
"26 окт. 2021 г.","7,117","6,995","7,195","6,992","","0,87%"
"25 окт. 2021 г.","7,056","7,196","7,246","7,042","","-2,05%"
"22 окт. 2021 г.","7,204","7,133","7,249","7,078","","1,42%"
"21 окт. 2021 г.","7,103","7,212","7,237","7,087","","-1,29%"
"20 окт. 2021 г.","7,196","7,264","7,283","7,196","","-1,14%"
"19 окт. 2021 г.","7,279","7,264","7,300","7,228","","-0,54%"
"18 окт. 2021 г.","7,319","7,326","7,354","7,260","","0,44%"
"15 окт. 2021 г.","7,287","7,168","7,304","7,132","","1,00%"
"14 окт. 2021 г.","7,214","7,296","7,314","7,207","","-2,55%"
"13 окт. 2021 г.","7,403","7,466","7,502","7,373","","-0,84%"
"12 окт. 2021 г.","7,465","7,525","7,584","7,445","","-1,32%"
"11 окт. 2021 г.","7,565","7,557","7,582","7,432","","0,20%"
"08 окт. 2021 г.","7,550","7,504","7,581","7,484","","-0,21%"
"07 окт. 2021 г.","7,566","7,607","7,621","7,542","","-1,47%"
"06 окт. 2021 г.","7,679","7,816","7,945","7,673","","-0,71%"
"05 окт. 2021 г.","7,734","7,862","7,880","7,650","","-2,33%"
"04 окт. 2021 г.","7,918","7,758","7,988","7,723","","2,12%"
"01 окт. 2021 г.","7,754","7,759","7,874","7,618","","-1,29%"
"30 сент. 2021 г.","7,855","7,757","7,933","7,656","","0,14%"
"29 сент. 2021 г.","7,844","7,761","7,851","7,694","","0,73%"
"28 сент. 2021 г.","7,787","7,519","7,864","7,482","","6,16%"
"27 сент. 2021 г.","7,335","7,297","7,365","7,222","","0,45%"
"24 сент. 2021 г.","7,302","7,621","7,630","7,297","","-2,46%"
"23 сент. 2021 г.","7,486","7,637","7,707","7,476","","-4,21%"
"22 сент. 2021 г.","7,816","7,977","8,026","7,727","","-3,38%"
"21 сент. 2021 г.","8,089","8,172","8,329","8,042","","-1,81%"
"20 сент. 2021 г.","8,238","8,169","8,553","8,067","","5,11%"
"17 сент. 2021 г.","7,838","7,695","7,844","7,671","","2,41%"
"16 сент. 2021 г.","7,654","7,703","7,793","7,609","","-0,84%"
"15 сент. 2021 г.","7,718","7,760","7,821","7,657","","-1,18%"
"14 сент. 2021 г.","7,810","7,664","7,884","7,641","","1,17%"
"13 сент. 2021 г.","7,720","7,662","7,848","7,642","","-0,91%"
"10 сент. 2021 г.","7,791","7,550","7,813","7,508","","1,29%"
"09 сент. 2021 г.","7,692","7,639","7,699","7,515","","1,15%"
"08 сент. 2021 г.","7,604","7,635","7,727","7,591","","0,59%"
"07 сент. 2021 г.","7,560","7,494","7,585","7,483","","1,33%"
"03 сент. 2021 г.","7,460","7,486","7,522","7,414","","0,70%"
"02 сент. 2021 г.","7,408","7,365","7,473","7,363","","0,12%"
"01 сент. 2021 г.","7,399","7,474","7,497","7,350","","-1,41%"
"31 авг. 2021 г.","7,505","7,500","7,559","7,489","","-0,03%"
"30 авг. 2021 г.","7,508","7,468","7,526","7,438","","0,18%"
"27 авг. 2021 г.","7,494","7,649","7,649","7,478","","-2,71%"
"26 авг. 2021 г.","7,702","7,622","7,769","7,574","","1,62%"
"25 авг. 2021 г.","7,580","7,665","7,685","7,545","","-1,14%"
"24 авг. 2021 г.","7,667","7,608","7,698","7,606","","0,11%"
"23 авг. 2021 г.","7,658","7,660","7,660","7,565","","-1,00%"
"20 авг. 2021 г.","7,736","7,894","7,904","7,703","","-2,36%"
"19 авг. 2021 г.","7,923","8,045","8,054","7,820","","0,08%"
"18 авг. 2021 г.","7,916","7,700","7,938","7,625","","4,08%"
"17 авг. 2021 г.","7,606","7,548","7,728","7,503","","2,36%"
"16 авг. 2021 г.","7,430","7,506","7,578","7,397","","0,67%"
"13 авг. 2021 г.","7,381","7,300","7,417","7,276","","0,07%"
"12 авг. 2021 г.","7,375","7,523","7,535","7,313","","-1,63%"
"11 авг. 2021 г.","7,498","7,606","7,644","7,487","","-2,04%"
"10 авг. 2021 г.","7,654","7,663","7,689","7,569","","-0,57%"
"09 авг. 2021 г.","7,697","7,705","7,749","7,662","","0,26%"
"06 авг. 2021 г.","7,678","7,738","7,790","7,677","","-1,60%"
"05 авг. 2021 г.","7,802","7,868","7,873","7,792","","-1,45%"
"04 авг. 2021 г.","7,917","7,973","7,981","7,851","","0,07%"
"03 авг. 2021 г.","7,912","8,014","8,129","7,889","","-2,26%"
"02 авг. 2021 г.","8,095","7,849","8,107","7,838","","1,99%"
"30 июл. 2021 г.","7,937","7,942","7,951","7,790","","2,00%"
"29 июл. 2021 г.","7,781","7,800","7,811","7,746","","-0,64%"
"28 июл. 2021 г.","7,831","7,881","7,987","7,777","","-1,09%"
"27 июл. 2021 г.","7,918","7,875","8,105","7,875","","1,55%"
"26 июл. 2021 г.","7,797","7,807","7,840","7,757","","0,55%"
"23 июл. 2021 г.","7,755","7,684","7,794","7,684","","-0,69%"
"22 июл. 2021 г.","7,809","7,762","7,838","7,719","","-0,16%"
"21 июл. 2021 г.","7,821","7,959","7,985","7,813","","-3,37%"
"20 июл. 2021 г.","8,094","8,184","8,266","7,996","","-2,13%"
"19 июл. 2021 г.","8,270","8,083","8,361","8,018","","5,64%"
"16 июл. 2021 г.","7,828","7,600","7,849","7,575","","1,69%"
"15 июл. 2021 г.","7,698","7,830","7,863","7,696","","-0,15%"
"14 июл. 2021 г.","7,710","7,649","7,814","7,625","","-0,45%"
"13 июл. 2021 г.","7,745","7,673","7,777","7,582","","0,74%"
"12 июл. 2021 г.","7,688","7,630","7,694","7,610","","1,02%"
"09 июл. 2021 г.","7,610","7,676","7,711","7,534","","-2,65%"
"08 июл. 2021 г.","7,817","7,960","7,967","7,751","","2,77%"
"07 июл. 2021 г.","7,606","7,531","7,734","7,526","","0,50%"
"06 июл. 2021 г.","7,568","7,468","7,698","7,467","","0,85%"
"02 июл. 2021 г.","7,505","7,416","7,513","7,348","","-0,21%"
"01 июл. 2021 г.","7,521","7,520","7,576","7,495","","-0,70%"
"30 июн. 2021 г.","7,574","7,611","7,647","7,503","","-0,14%"
"29 июн. 2021 г.","7,585","7,410","7,592","7,407","","1,41%"
"28 июн. 2021 г.","7,479","7,447","7,548","7,416","","-0,49%"
"25 июн. 2021 г.","7,516","7,493","7,559","7,481","","-0,07%"
"24 июн. 2021 г.","7,521","7,490","7,546","7,457","","-1,27%"
"23 июн. 2021 г.","7,618","7,628","7,656","7,544","","-1,37%"
"22 июн. 2021 г.","7,723","7,940","7,948","7,715","","-1,72%"
"21 июн. 2021 г.","7,859","7,939","8,054","7,783","","-3,06%"
"18 июн. 2021 г.","8,106","8,003","8,138","7,895","","4,41%"
"17 июн. 2021 г.","7,764","7,829","7,883","7,664","","-0,77%"
"16 июн. 2021 г.","7,824","7,712","7,916","7,668","","0,81%"
"15 июн. 2021 г.","7,761","7,722","7,826","7,717","","1,22%"
"14 июн. 2021 г.","7,668","7,624","7,753","7,610","","0,48%"
"11 июн. 2021 г.","7,631","7,619","7,644","7,550","","-0,94%"
"10 июн. 2021 г.","7,703","7,946","7,950","7,680","","-4,31%"
"09 июн. 2021 г.","8,050","7,923","8,085","7,923","","1,40%"
"08 июн. 2021 г.","7,939","7,890","8,062","7,860","","0,06%"
"07 июн. 2021 г.","7,934","8,009","8,056","7,925","","-0,77%"
"04 июн. 2021 г.","7,996","8,108","8,108","7,987","","-3,21%"
"03 июн. 2021 г.","8,261","8,291","8,340","8,172","","1,09%"
"02 июн. 2021 г.","8,172","8,131","8,195","8,015","","0,15%"
"01 июн. 2021 г.","8,160","7,976","8,167","7,958","","0,94%"
"28 мая 2021 г.","8,083","7,977","8,101","7,957","","0,46%"
"27 мая 2021 г.","8,046","8,276","8,283","8,032","","-3,08%"
"26 мая 2021 г.","8,302","8,477","8,489","8,276","","-2,80%"
"25 мая 2021 г.","8,542","8,444","8,602","8,443","","0,83%"
"24 мая 2021 г.","8,471","8,621","8,622","8,407","","-2,83%"
"21 мая 2021 г.","8,718","8,738","8,785","8,646","","-1,23%"
"20 мая 2021 г.","8,826","8,910","8,991","8,764","","-2,51%"
"19 мая 2021 г.","9,054","9,186","9,517","9,054","","1,17%"
"18 мая 2021 г.","8,949","8,685","8,965","8,521","","2,23%"
"17 мая 2021 г.","8,753","8,648","9,005","8,550","","2,90%"
"14 мая 2021 г.","8,506","8,906","8,906","8,459","","-7,23%"
"13 мая 2021 г.","9,169","9,526","9,526","9,054","","-6,00%"
"12 мая 2021 г.","9,754","9,108","9,870","9,108","","8,50%"
"11 мая 2021 г.","8,990","8,840","9,060","8,689","","4,13%"
"10 мая 2021 г.","8,634","8,422","8,635","8,336","","2,08%"
"07 мая 2021 г.","8,457","8,677","8,683","8,444","","-2,51%"
"06 мая 2021 г.","8,675","8,695","8,837","8,647","","-0,07%"
"05 мая 2021 г.","8,681","8,741","8,829","8,624","","-1,62%"
"04 мая 2021 г.","8,824","8,764","9,005","8,744","","1,80%"
"03 мая 2021 г.","8,668","8,783","8,819","8,651","","-2,14%"
"30 апр. 2021 г.","8,858","8,790","8,887","8,715","","1,88%"
"29 апр. 2021 г.","8,694","8,605","8,874","8,590","","-0,41%"
"28 апр. 2021 г.","8,730","8,657","8,754","8,640","","0,32%"
"27 апр. 2021 г.","8,702","8,837","8,915","8,694","","-1,57%"
"26 апр. 2021 г.","8,841","8,855","8,892","8,802","","-0,40%"
"23 апр. 2021 г.","8,877","9,002","9,027","8,808","","-1,81%"
"22 апр. 2021 г.","9,040","8,750","9,104","8,705","","3,26%"
"21 апр. 2021 г.","8,755","9,028","9,064","8,731","","-2,66%"
"20 апр. 2021 г.","8,994","8,873","9,125","8,834","","1,85%"
"19 апр. 2021 г.","8,830","8,604","8,921","8,593","","2,43%"
"16 апр. 2021 г.","8,620","8,724","8,763","8,551","","-1,15%"
"15 апр. 2021 г.","8,721","8,717","8,732","8,606","","-1,02%"
"14 апр. 2021 г.","8,811","8,760","8,837","8,699","","0,94%"
"13 апр. 2021 г.","8,729","8,681","8,746","8,642","","0,82%"
"12 апр. 2021 г.","8,658","8,770","8,878","8,655","","-0,64%"
"09 апр. 2021 г.","8,713","8,729","8,814","8,634","","0,40%"
"08 апр. 2021 г.","8,678","8,611","8,771","8,606","","-0,15%"
"07 апр. 2021 г.","8,691","8,800","8,806","8,649","","-0,76%"
"06 апр. 2021 г.","8,758","8,797","8,849","8,714","","-0,37%"
"05 апр. 2021 г.","8,790","8,818","8,903","8,779","","-2,12%"
"01 апр. 2021 г.","8,981","9,116","9,143","8,949","","-1,90%"
"31 мар. 2021 г.","9,155","9,144","9,251","9,038","","-0,33%"
"30 мар. 2021 г.","9,186","9,446","9,500","9,185","","-2,92%"
"29 мар. 2021 г.","9,462","9,571","9,706","9,460","","-0,04%"
"26 мар. 2021 г.","9,466","9,581","9,743","9,375","","-2,31%"
"25 мар. 2021 г.","9,690","9,908","10,120","9,673","","-1,72%"
"24 мар. 2021 г.","9,859","9,794","9,892","9,691","","-0,18%"
"23 мар. 2021 г.","9,877","9,694","9,952","9,679","","1,83%"
"22 мар. 2021 г.","9,699","10,121","10,143","9,693","","-4,66%"
"19 мар. 2021 г.","10,174","10,197","10,336","10,074","","-0,28%"
"18 мар. 2021 г.","10,202","10,148","10,304","10,070","","1,24%"
"17 мар. 2021 г.","10,078","10,416","10,473","10,070","","-2,89%"
"16 мар. 2021 г.","10,378","10,458","10,466","10,153","","-0,66%"
"15 мар. 2021 г.","10,447","10,712","10,760","10,437","","-2,48%"
"12 мар. 2021 г.","10,712","10,821","10,838","10,687","","0,22%"
"11 мар. 2021 г.","10,688","10,795","10,799","10,623","","-1,63%"
"10 мар. 2021 г.","10,865","10,780","10,876","10,776","","-0,68%"
"09 мар. 2021 г.","10,940","10,907","10,941","10,750","","-1,32%"
"08 мар. 2021 г.","11,086","10,926","11,095","10,800","","1,63%"
"05 мар. 2021 г.","10,908","11,181","11,523","10,858","","-4,14%"
"04 мар. 2021 г.","11,379","11,061","11,522","10,894","","2,14%"
"03 мар. 2021 г.","11,141","10,907","11,168","10,866","","1,48%"
"02 мар. 2021 г.","10,979","10,855","11,003","10,818","","1,53%"
"01 мар. 2021 г.","10,813","10,896","10,902","10,679","","-3,59%"
"26 февр. 2021 г.","11,215","11,233","11,522","11,095","","-2,63%"
"25 февр. 2021 г.","11,519","10,984","11,699","10,900","","5,59%"
"24 февр. 2021 г.","10,909","11,330","11,399","10,895","","-3,05%"
"23 февр. 2021 г.","11,253","11,527","11,704","11,224","","-1,91%"
"22 февр. 2021 г.","11,471","11,384","11,482","11,227","","1,94%"
"19 февр. 2021 г.","11,253","11,371","11,392","11,169","","-1,24%"
"18 февр. 2021 г.","11,394","11,502","11,566","11,337","","0,42%"
"17 февр. 2021 г.","11,346","11,451","11,648","11,339","","0,24%"
"16 февр. 2021 г.","11,319","11,165","11,322","11,114","","1,13%"
"12 февр. 2021 г.","11,192","11,320","11,360","11,130","","-0,61%"
"11 февр. 2021 г.","11,261","11,240","11,473","11,238","","-0,51%"
"10 февр. 2021 г.","11,319","11,048","11,395","11,048","","2,38%"
"09 февр. 2021 г.","11,056","10,999","11,058","10,929","","1,30%"
"08 февр. 2021 г.","10,914","10,861","10,991","10,861","","0,11%"
"05 февр. 2021 г.","10,902","10,855","11,034","10,851","","-0,12%"
"04 февр. 2021 г.","10,915","11,030","11,047","10,883","","-3,06%"
"03 февр. 2021 г.","11,259","11,537","11,711","11,231","","-4,51%"
"02 февр. 2021 г.","11,791","12,153","12,167","11,704","","-6,50%"
"01 февр. 2021 г.","12,610","12,642","13,222","12,512","","-3,18%"
"29 янв. 2021 г.","13,024","12,737","13,202","12,269","","4,34%"
"28 янв. 2021 г.","12,482","12,318","12,702","12,248","","-1,72%"
"27 янв. 2021 г.","12,701","12,008","12,899","12,008","","8,66%"
"26 янв. 2021 г.","11,688","11,579","11,748","11,498","","0,29%"
"25 янв. 2021 г.","11,655","11,383","11,827","11,366","","2,40%"
"22 янв. 2021 г.","11,382","11,451","11,497","11,324","","0,45%"
"21 янв. 2021 г.","11,332","11,268","11,413","11,236","","0,66%"
"20 янв. 2021 г.","11,257","11,253","11,354","11,229","","-0,56%"
"19 янв. 2021 г.","11,320","11,195","11,347","11,173","","-0,11%"
"15 янв. 2021 г.","11,333","11,278","11,476","11,141","","1,55%"
"14 янв. 2021 г.","11,159","10,894","11,167","10,829","","1,86%"
"13 янв. 2021 г.","10,955","11,030","11,105","10,925","","-0,75%"
"12 янв. 2021 г.","11,038","11,087","11,270","10,984","","-1,39%"
"11 янв. 2021 г.","11,194","10,927","11,227","10,878","","3,92%"
"08 янв. 2021 г.","10,772","10,766","10,982","10,706","","-0,51%"
"07 янв. 2021 г.","10,828","10,796","10,890","10,721","","-1,90%"
"06 янв. 2021 г.","11,038","11,052","11,203","10,766","","-0,78%"
"05 янв. 2021 г.","11,124","11,486","11,486","11,087","","-1,59%"
"04 янв. 2021 г.","11,303","10,873","11,539","10,873","","3,48%"
"31 дек. 2020 г.","10,923","10,905","10,986","10,741","","-0,01%"
"30 дек. 2020 г.","10,925","11,155","11,159","10,891","","-2,04%"
"29 дек. 2020 г.","11,152","10,770","11,216","10,770","","2,71%"
"28 дек. 2020 г.","10,858","10,784","10,862","10,766","","-0,14%"
"24 дек. 2020 г.","10,874","10,933","10,947","10,841","","-1,31%"
"23 дек. 2020 г.","11,018","11,172","11,209","10,966","","-2,57%"
"22 дек. 2020 г.","11,309","11,271","11,381","11,247","","0,31%"
"21 дек. 2020 г.","11,273","11,580","11,778","11,273","","2,39%"
"18 дек. 2020 г.","11,010","10,949","11,175","10,949","","1,06%"
"17 дек. 2020 г.","10,894","10,953","11,051","10,888","","-0,57%"
"16 дек. 2020 г.","10,957","11,084","11,141","10,947","","-1,14%"
"15 дек. 2020 г.","11,084","11,129","11,202","11,039","","-1,26%"
"14 дек. 2020 г.","11,225","10,917","11,225","10,871","","1,14%"
"11 дек. 2020 г.","11,099","10,950","11,262","10,908","","2,40%"
"10 дек. 2020 г.","10,839","10,817","10,870","10,646","","0,65%"
"09 дек. 2020 г.","10,769","10,449","10,817","10,415","","2,49%"
"08 дек. 2020 г.","10,507","10,754","10,759","10,507","","-1,55%"
"07 дек. 2020 г.","10,672","10,670","10,713","10,626","","0,64%"
"04 дек. 2020 г.","10,604","10,606","10,610","10,562","","-0,69%"
"03 дек. 2020 г.","10,678","10,517","10,696","10,511","","0,72%"
"02 дек. 2020 г.","10,602","10,659","10,674","10,461","","-0,55%"
"01 дек. 2020 г.","10,660","10,567","10,662","10,436","","0,19%"
"30 нояб. 2020 г.","10,640","10,783","11,052","10,634","","-1,02%"
"27 нояб. 2020 г.","10,750","10,666","10,763","10,568","","0,25%"
"25 нояб. 2020 г.","10,724","10,939","10,982","10,724","","-1,77%"
"24 нояб. 2020 г.","10,917","10,831","10,939","10,822","","-0,17%"
"23 нояб. 2020 г.","10,935","10,908","11,030","10,764","","-0,61%"
"20 нояб. 2020 г.","11,002","11,028","11,041","10,875","","-0,16%"
"19 нояб. 2020 г.","11,020","11,051","11,123","10,890","","-0,67%"
"18 нояб. 2020 г.","11,094","10,780","11,094","10,708","","3,15%"
"17 нояб. 2020 г.","10,755","10,968","11,026","10,743","","-0,70%"
"16 нояб. 2020 г.","10,830","10,759","10,955","10,707","","-0,23%"
"13 нояб. 2020 г.","10,856","10,935","10,958","10,710","","-2,31%"
"12 нояб. 2020 г.","11,112","10,854","11,224","10,739","","3,09%"
"11 нояб. 2020 г.","10,780","10,743","10,898","10,645","","-0,96%"
"10 нояб. 2020 г.","10,884","10,874","11,172","10,800","","-1,46%"
"09 нояб. 2020 г.","11,046","10,692","11,046","10,248","","-3,46%"
"06 нояб. 2020 г.","11,442","12,023","12,050","11,396","","-5,65%"
"05 нояб. 2020 г.","12,127","11,936","12,253","11,822","","-1,70%"
"04 нояб. 2020 г.","12,337","12,833","12,849","12,177","","-7,54%"
"03 нояб. 2020 г.","13,344","13,632","13,700","13,221","","-4,47%"
"02 нояб. 2020 г.","13,968","13,787","14,139","13,779","","-2,82%"
"30 окт. 2020 г.","14,373","14,212","14,556","14,082","","2,65%"
"29 окт. 2020 г.","14,002","14,499","14,618","13,754","","-4,35%"
"28 окт. 2020 г.","14,638","14,232","14,701","14,142","","7,47%"
"27 окт. 2020 г.","13,620","13,512","13,778","13,457","","0,60%"
"26 окт. 2020 г.","13,540","13,078","13,709","12,978","","4,53%"
"23 окт. 2020 г.","12,953","12,832","13,011","12,828","","0,02%"
"22 окт. 2020 г.","12,950","13,047","13,101","12,837","","-0,97%"
"21 окт. 2020 г.","13,078","13,262","13,308","12,966","","-1,71%"
"20 окт. 2020 г.","13,305","13,239","13,321","13,036","","0,19%"
"19 окт. 2020 г.","13,280","12,861","13,347","12,856","","1,98%"
"16 окт. 2020 г.","13,022","12,822","13,031","12,598","","1,14%"
"15 окт. 2020 г.","12,876","13,142","13,179","12,804","","0,83%"
"14 окт. 2020 г.","12,770","12,821","12,921","12,639","","-0,45%"
"13 окт. 2020 г.","12,828","12,967","13,100","12,781","","-0,16%"
"12 окт. 2020 г.","12,848","12,818","12,966","12,797","","-1,21%"
"09 окт. 2020 г.","13,005","13,275","13,275","12,914","","-3,32%"
"08 окт. 2020 г.","13,452","13,660","13,759","13,437","","-2,46%"
"07 окт. 2020 г.","13,792","13,819","13,833","13,660","","-1,04%"
"06 окт. 2020 г.","13,937","13,772","14,049","13,640","","0,32%"
"05 окт. 2020 г.","13,893","14,103","14,170","13,836","","-2,48%"
"02 окт. 2020 г.","14,246","14,301","14,330","14,052","","1,53%"
"01 окт. 2020 г.","14,030","13,786","14,090","13,754","","0,80%"
"30 сент. 2020 г.","13,919","13,743","13,938","13,698","","1,07%"
"29 сент. 2020 г.","13,771","13,991","13,995","13,714","","-1,17%"
"28 сент. 2020 г.","13,934","13,967","14,062","13,924","","-1,21%"
"25 сент. 2020 г.","14,105","14,410","14,481","14,099","","-2,19%"
"24 сент. 2020 г.","14,421","14,588","14,682","14,220","","0,05%"
"23 сент. 2020 г.","14,413","14,091","14,526","14,080","","1,82%"
"22 сент. 2020 г.","14,156","14,024","14,358","14,012","","0,96%"
"21 сент. 2020 г.","14,021","14,049","14,382","13,863","","2,55%"
"18 сент. 2020 г.","13,672","13,616","13,940","13,417","","0,33%"
"17 сент. 2020 г.","13,628","14,171","14,197","13,627","","-0,96%"
"16 сент. 2020 г.","13,759","13,749","13,849","13,482","","0,70%"
"15 сент. 2020 г.","13,663","13,752","14,117","13,652","","-2,96%"
"14 сент. 2020 г.","14,079","13,953","14,096","13,698","","-1,63%"
"11 сент. 2020 г.","14,313","14,523","14,932","14,119","","-2,51%"
"10 сент. 2020 г.","14,682","14,658","15,233","14,577","","-1,01%"
"09 сент. 2020 г.","14,831","14,950","15,088","14,582","","-2,10%"
"08 сент. 2020 г.","15,149","16,446","16,515","15,149","","-4,39%"
"04 сент. 2020 г.","15,844","15,978","16,939","15,511","","-2,73%"
"03 сент. 2020 г.","16,289","15,772","16,688","15,541","","2,72%"
"02 сент. 2020 г.","15,857","15,316","15,857","15,313","","3,55%"
"01 сент. 2020 г.","15,313","15,216","15,402","15,137","","0,77%"
"31 авг. 2020 г.","15,197","14,856","15,237","14,762","","2,89%"
"28 авг. 2020 г.","14,770","14,786","15,058","14,586","","0,45%"
"27 авг. 2020 г.","14,705","14,448","15,231","14,375","","1,28%"
"26 авг. 2020 г.","14,518","14,218","14,562","14,107","","1,92%"
"25 авг. 2020 г.","14,245","14,304","14,588","14,238","","-0,38%"
"24 авг. 2020 г.","14,299","14,079","14,344","14,058","","0,08%"
"21 авг. 2020 г.","14,288","14,271","14,361","14,186","","1,20%"
"20 авг. 2020 г.","14,118","14,433","14,445","14,042","","-0,31%"
"19 авг. 2020 г.","14,163","13,923","14,194","13,891","","1,57%"
"18 авг. 2020 г.","13,943","13,899","14,123","13,842","","0,32%"
"17 авг. 2020 г.","13,898","14,067","14,147","13,889","","-2,75%"
"14 авг. 2020 г.","14,291","14,274","14,431","14,193","","1,07%"
"13 авг. 2020 г.","14,140","14,147","14,272","13,943","","0,30%"
"12 авг. 2020 г.","14,098","14,132","14,204","13,956","","-2,41%"
"11 авг. 2020 г.","14,445","13,870","14,480","13,844","","2,47%"
"10 авг. 2020 г.","14,097","14,165","14,310","14,026","","-1,39%"
"07 авг. 2020 г.","14,295","14,416","14,463","14,186","","0,39%"
"06 авг. 2020 г.","14,240","14,392","14,451","14,185","","-0,66%"
"05 авг. 2020 г.","14,335","14,288","14,450","14,264","","-0,38%"
"04 авг. 2020 г.","14,390","14,737","14,737","14,390","","-2,44%"
"03 авг. 2020 г.","14,750","14,708","14,869","14,676","","-0,53%"
"31 июл. 2020 г.","14,829","14,727","15,234","14,719","","-0,05%"
"30 июл. 2020 г.","14,837","15,159","15,591","14,814","","0,72%"
"29 июл. 2020 г.","14,731","14,731","14,850","14,676","","-0,83%"
"28 июл. 2020 г.","14,855","14,872","14,948","14,642","","0,33%"
"27 июл. 2020 г.","14,807","14,879","15,060","14,795","","-1,25%"
"24 июл. 2020 г.","14,994","15,011","15,194","14,863","","1,19%"
"23 июл. 2020 г.","14,817","14,480","14,928","14,392","","2,79%"
"22 июл. 2020 г.","14,414","14,650","14,808","14,393","","-0,74%"
"21 июл. 2020 г.","14,522","14,223","14,635","14,114","","0,59%"
"20 июл. 2020 г.","14,436","14,843","14,881","14,366","","-3,74%"
"17 июл. 2020 г.","14,996","15,094","15,201","14,850","","-1,95%"
"16 июл. 2020 г.","15,295","15,527","15,551","15,185","","-0,09%"
"15 июл. 2020 г.","15,308","15,221","15,712","15,219","","-1,14%"
"14 июл. 2020 г.","15,485","16,079","16,314","15,410","","-3,80%"
"13 июл. 2020 г.","16,096","15,005","16,186","15,005","","6,52%"
"10 июл. 2020 г.","15,111","15,275","15,480","15,038","","-1,19%"
"09 июл. 2020 г.","15,294","15,039","15,516","15,002","","2,06%"
"08 июл. 2020 г.","14,985","15,066","15,343","14,930","","-1,76%"
"07 июл. 2020 г.","15,254","14,962","15,266","14,686","","2,60%"
"06 июл. 2020 г.","14,868","14,443","14,958","14,440","","0,31%"
"02 июл. 2020 г.","14,821","14,567","15,018","14,378","","-2,04%"
"01 июл. 2020 г.","15,130","15,292","15,510","15,003","","-2,95%"
"30 июн. 2020 г.","15,590","16,476","16,491","15,378","","-3,94%"
"29 июн. 2020 г.","16,229","16,883","17,416","16,142","","-5,84%"
"26 июн. 2020 г.","17,236","16,207","17,359","16,185","","7,11%"
"25 июн. 2020 г.","16,092","17,103","17,447","16,017","","-3,99%"
"24 июн. 2020 г.","16,760","16,332","17,551","15,889","","5,10%"
"23 июн. 2020 г.","15,946","15,332","15,946","15,307","","0,92%"
"22 июн. 2020 г.","15,800","17,006","17,208","15,791","","-10,15%"
"19 июн. 2020 г.","17,586","16,196","17,601","16,076","","4,98%"
"18 июн. 2020 г.","16,751","17,106","17,263","16,586","","0,02%"
"17 июн. 2020 г.","16,748","16,726","17,256","16,641","","-0,01%"
"16 июн. 2020 г.","16,750","16,206","17,380","16,063","","-0,38%"
"15 июн. 2020 г.","16,814","18,142","18,560","16,793","","-1,36%"
"12 июн. 2020 г.","17,047","16,975","18,601","16,753","","-5,92%"
"11 июн. 2020 г.","18,119","16,051","18,155","15,708","","20,01%"
"10 июн. 2020 г.","15,098","15,201","15,357","14,724","","-1,15%"
"09 июн. 2020 г.","15,273","14,886","15,279","14,863","","3,11%"
"08 июн. 2020 г.","14,813","14,399","14,813","14,363","","2,39%"
"05 июн. 2020 г.","14,467","14,563","14,673","14,435","","-4,68%"
"04 июн. 2020 г.","15,176","15,259","15,359","14,940","","-0,83%"
"03 июн. 2020 г.","15,304","15,513","15,552","15,284","","-2,47%"
"02 июн. 2020 г.","15,691","15,856","15,988","15,674","","-1,58%"
"01 июн. 2020 г.","15,943","16,047","16,069","15,846","","1,11%"
"29 мая 2020 г.","15,767","16,119","16,348","15,756","","-1,81%"
"28 мая 2020 г.","16,058","15,714","16,181","15,696","","2,40%"
"27 мая 2020 г.","15,682","15,632","16,267","15,611","","-1,05%"
"26 мая 2020 г.","15,848","15,568","15,972","15,531","","-2,03%"
"22 мая 2020 г.","16,176","16,241","16,368","16,102","","-1,25%"
"21 мая 2020 г.","16,381","15,943","16,388","15,839","","2,95%"
"20 мая 2020 г.","15,911","15,807","16,079","15,708","","-3,10%"
"19 мая 2020 г.","16,421","15,896","16,426","15,648","","3,48%"
"18 мая 2020 г.","15,869","15,898","16,067","15,800","","-5,78%"
"15 мая 2020 г.","16,842","17,294","17,440","16,678","","0,37%"
"14 мая 2020 г.","16,780","17,533","18,009","16,681","","-1,86%"
"13 мая 2020 г.","17,097","16,311","17,376","16,053","","3,21%"
"12 мая 2020 г.","16,566","15,022","16,569","14,947","","8,27%"
"11 мая 2020 г.","15,301","16,043","16,086","15,240","","-2,82%"
"08 мая 2020 г.","15,745","16,193","16,268","15,700","","-3,80%"
"07 мая 2020 г.","16,366","16,550","16,632","16,343","","-4,13%"
"06 мая 2020 г.","17,071","16,581","17,071","16,496","","1,74%"
"05 мая 2020 г.","16,779","16,843","16,852","16,442","","-2,65%"
"04 мая 2020 г.","17,235","17,651","17,775","17,189","","-1,06%"
"01 мая 2020 г.","17,419","16,759","17,424","16,634","","6,77%"
"30 апр. 2020 г.","16,315","16,081","16,617","16,081","","2,63%"
"29 апр. 2020 г.","15,896","16,138","16,159","15,790","","-4,09%"
"28 апр. 2020 г.","16,574","16,121","16,681","16,084","","0,85%"
"27 апр. 2020 г.","16,435","16,901","16,901","16,344","","-4,35%"
"24 апр. 2020 г.","17,182","17,574","17,765","17,123","","-3,63%"
"23 апр. 2020 г.","17,829","17,629","17,943","17,453","","0,48%"
"22 апр. 2020 г.","17,744","17,796","17,974","17,564","","-2,09%"
"21 апр. 2020 г.","18,124","17,919","18,580","17,919","","5,14%"
"20 апр. 2020 г.","17,237","16,602","17,256","16,450","","7,06%"
"17 апр. 2020 г.","16,100","16,110","16,607","16,098","","-3,23%"
"16 апр. 2020 г.","16,637","16,440","16,846","16,344","","0,44%"
"15 апр. 2020 г.","16,563","16,230","16,569","16,077","","6,07%"
"14 апр. 2020 г.","15,615","15,801","15,898","15,525","","-3,17%"
"13 апр. 2020 г.","16,126","16,264","16,514","16,101","","-1,29%"
"09 апр. 2020 г.","16,336","16,606","16,757","16,306","","-2,94%"
"08 апр. 2020 г.","16,831","16,773","16,956","16,529","","-1,65%"
"07 апр. 2020 г.","17,112","16,323","17,113","16,240","","2,15%"
"06 апр. 2020 г.","16,752","16,820","16,969","16,540","","-4,48%"
"03 апр. 2020 г.","17,538","17,749","18,087","17,495","","-1,10%"
"02 апр. 2020 г.","17,733","18,138","18,404","17,674","","-4,36%"
"01 апр. 2020 г.","18,542","17,788","18,634","17,279","","8,82%"
"31 мар. 2020 г.","17,038","17,709","17,785","16,685","","-3,59%"
"30 мар. 2020 г.","17,673","18,144","18,612","17,598","","-5,39%"
"27 мар. 2020 г.","18,681","18,097","18,701","17,455","","15,32%"
"26 мар. 2020 г.","16,199","17,667","17,855","16,198","","-10,65%"
"25 мар. 2020 г.","18,130","17,299","18,951","17,174","","7,33%"
"24 мар. 2020 г.","16,892","15,061","17,189","14,247","","-4,19%"
"23 мар. 2020 г.","17,632","20,499","21,308","17,618","","-19,67%"
"20 мар. 2020 г.","21,949","21,351","23,320","18,922","","-6,90%"
"19 мар. 2020 г.","23,575","26,285","27,585","20,187","","-5,73%"
"18 мар. 2020 г.","25,008","23,686","28,441","21,793","","14,73%"
"17 мар. 2020 г.","21,796","20,706","22,502","19,542","","3,30%"
"16 мар. 2020 г.","21,101","19,753","22,305","18,643","","34,88%"
"13 мар. 2020 г.","15,644","15,176","17,785","15,158","","-4,96%"
"12 мар. 2020 г.","16,461","16,221","17,537","15,064","","20,41%"
"11 мар. 2020 г.","13,670","13,246","14,192","13,087","","10,90%"
"10 мар. 2020 г.","12,327","11,883","13,358","11,801","","-4,60%"
"09 мар. 2020 г.","12,922","14,608","14,785","11,838","","21,25%"
"06 мар. 2020 г.","10,657","11,407","11,757","10,341","","11,07%"
"05 мар. 2020 г.","9,595","9,061","9,962","8,873","","13,90%"
"04 мар. 2020 г.","8,424","8,427","8,739","8,189","","-4,84%"
"03 мар. 2020 г.","8,852","7,930","9,020","7,603","","10,37%"
"02 мар. 2020 г.","8,021","8,050","8,450","7,896","","0,28%"
"28 февр. 2020 г.","7,999","8,770","8,871","7,999","","-1,31%"
"27 февр. 2020 г.","8,105","7,665","8,134","7,522","","11,47%"
"26 февр. 2020 г.","7,271","7,136","7,358","6,982","","0,69%"
"25 февр. 2020 г.","7,221","6,810","7,355","6,801","","5,33%"
"24 февр. 2020 г.","6,856","6,839","6,973","6,700","","6,34%"
"21 февр. 2020 г.","6,447","6,404","6,537","6,389","","1,58%"
"20 февр. 2020 г.","6,347","6,268","6,431","6,231","","1,63%"
"19 февр. 2020 г.","6,245","6,221","6,279","6,210","","-0,74%"
"18 февр. 2020 г.","6,292","6,205","6,306","6,168","","2,00%"
"14 февр. 2020 г.","6,168","6,186","6,255","6,154","","-0,78%"
"13 февр. 2020 г.","6,216","6,268","6,286","6,165","","1,22%"
"12 февр. 2020 г.","6,141","6,247","6,271","6,116","","-2,83%"
"11 февр. 2020 г.","6,320","6,240","6,350","6,208","","-0,03%"
"10 февр. 2020 г.","6,322","6,480","6,484","6,292","","-1,66%"
"07 февр. 2020 г.","6,428","6,460","6,560","6,332","","2,05%"
"06 февр. 2020 г.","6,299","6,293","6,425","6,261","","-0,94%"
"05 февр. 2020 г.","6,359","6,383","6,593","6,344","","-3,56%"
"04 февр. 2020 г.","6,594","6,675","6,903","6,524","","-6,71%"
"03 февр. 2020 г.","7,068","7,087","7,169","6,869","","-1,55%"
"31 янв. 2020 г.","7,179","6,797","7,408","6,778","","8,99%"
"30 янв. 2020 г.","6,587","6,915","7,006","6,587","","-2,36%"
"29 янв. 2020 г.","6,746","6,650","6,780","6,624","","0,17%"
"28 янв. 2020 г.","6,735","6,811","6,836","6,700","","-2,60%"
"27 янв. 2020 г.","6,915","6,832","6,915","6,750","","4,55%"
"24 янв. 2020 г.","6,614","6,461","6,689","6,452","","1,95%"
"23 янв. 2020 г.","6,487","6,556","6,610","6,446","","-0,16%"
"22 янв. 2020 г.","6,497","6,357","6,499","6,355","","1,63%"
"21 янв. 2020 г.","6,393","6,458","6,458","6,366","","-0,18%"
"17 янв. 2020 г.","6,405","6,371","6,442","6,358","","0,44%"
"16 янв. 2020 г.","6,376","6,410","6,415","6,347","","-1,23%"
"15 янв. 2020 г.","6,456","6,496","6,505","6,434","","-0,81%"
"14 янв. 2020 г.","6,508","6,544","6,565","6,486","","-0,41%"
"13 янв. 2020 г.","6,535","6,575","6,598","6,525","","-1,27%"
"10 янв. 2020 г.","6,620","6,646","6,672","6,584","","-0,45%"
"09 янв. 2020 г.","6,649","6,702","6,753","6,630","","-1,44%"
"08 янв. 2020 г.","6,746","6,850","6,894","6,714","","-1,86%"
"07 янв. 2020 г.","6,874","6,907","6,956","6,839","","-0,29%"
"06 янв. 2020 г.","6,894","6,996","6,999","6,863","","-0,20%"
"03 янв. 2020 г.","6,908","6,985","7,006","6,856","","1,86%"
"02 янв. 2020 г.","6,782","6,849","6,906","6,731","","-2,30%"
"31 дек. 2019 г.","6,942","7,163","7,178","6,942","","-2,86%"
"30 дек. 2019 г.","7,146","7,001","7,148","7,001","","1,71%"
"27 дек. 2019 г.","7,026","6,880","7,026","6,880","","2,35%"
"26 дек. 2019 г.","6,865","6,852","6,901","6,831","","0,12%"
"24 дек. 2019 г.","6,857","6,878","6,915","6,851","","-0,29%"
"23 дек. 2019 г.","6,877","6,828","6,914","6,828","","0,14%"
"20 дек. 2019 г.","6,867","6,801","6,867","6,792","","0,43%"
"19 дек. 2019 г.","6,837","6,920","6,932","6,823","","-1,16%"
"18 дек. 2019 г.","6,918","6,900","6,948","6,879","","-0,29%"
"17 дек. 2019 г.","6,938","6,892","6,979","6,890","","0,72%"
"16 дек. 2019 г.","6,888","6,882","6,927","6,856","","-1,28%"
"13 дек. 2019 г.","6,978","7,153","7,207","6,949","","-2,20%"
"12 дек. 2019 г.","7,134","7,346","7,364","7,117","","-2,42%"
"11 дек. 2019 г.","7,311","7,424","7,442","7,291","","-1,17%"
"10 дек. 2019 г.","7,397","7,380","7,468","7,332","","-0,36%"
"09 дек. 2019 г.","7,424","7,254","7,434","7,241","","2,32%"
"06 дек. 2019 г.","7,255","7,286","7,325","7,223","","-2,04%"
"05 дек. 2019 г.","7,406","7,408","7,502","7,391","","-0,81%"
"04 дек. 2019 г.","7,466","7,493","7,525","7,408","","-1,76%"
"03 дек. 2019 г.","7,600","7,672","7,715","7,579","","1,41%"
"02 дек. 2019 г.","7,494","7,273","7,494","7,273","","2,62%"
"29 нояб. 2019 г.","7,303","7,229","7,303","7,214","","1,72%"
"27 нояб. 2019 г.","7,179","7,158","7,186","7,138","","0,15%"
"26 нояб. 2019 г.","7,168","7,223","7,240","7,162","","-0,81%"
"25 нояб. 2019 г.","7,227","7,295","7,295","7,223","","-1,93%"
"22 нояб. 2019 г.","7,370","7,412","7,452","7,364","","-1,10%"
"21 нояб. 2019 г.","7,452","7,382","7,489","7,370","","1,12%"
"20 нояб. 2019 г.","7,369","7,307","7,486","7,266","","1,28%"
"19 нояб. 2019 г.","7,276","7,192","7,304","7,192","","0,71%"
"18 нояб. 2019 г.","7,225","7,272","7,307","7,208","","-0,55%"
"15 нояб. 2019 г.","7,265","7,287","7,322","7,237","","-1,20%"
"14 нояб. 2019 г.","7,354","7,446","7,479","7,354","","-0,85%"
"13 нояб. 2019 г.","7,417","7,458","7,473","7,372","","-0,11%"
"12 нояб. 2019 г.","7,425","7,410","7,437","7,355","","0,39%"
"11 нояб. 2019 г.","7,396","7,552","7,558","7,394","","-1,00%"
"08 нояб. 2019 г.","7,471","7,550","7,572","7,443","","-0,32%"
"07 нояб. 2019 г.","7,494","7,493","7,573","7,476","","-0,60%"
"06 нояб. 2019 г.","7,539","7,529","7,609","7,516","","0,03%"
"05 нояб. 2019 г.","7,537","7,407","7,537","7,398","","1,47%"
"04 нояб. 2019 г.","7,428","7,375","7,456","7,375","","-0,20%"
"01 нояб. 2019 г.","7,443","7,474","7,507","7,423","","-1,93%"
"31 окт. 2019 г.","7,589","7,567","7,673","7,538","","1,13%"
"30 окт. 2019 г.","7,505","7,636","7,715","7,497","","-1,74%"
"29 окт. 2019 г.","7,638","7,630","7,677","7,571","","0,19%"
"28 окт. 2019 г.","7,623","7,528","7,623","7,518","","0,89%"
"25 окт. 2019 г.","7,556","7,680","7,686","7,527","","-1,59%"
"24 окт. 2019 г.","7,678","7,657","7,735","7,630","","0,04%"
"23 окт. 2019 г.","7,675","7,777","7,784","7,672","","-1,18%"
"22 окт. 2019 г.","7,766","7,622","7,771","7,618","","1,35%"
"21 окт. 2019 г.","7,663","7,714","7,738","7,653","","-1,60%"
"18 окт. 2019 г.","7,788","7,728","7,848","7,684","","0,98%"
"17 окт. 2019 г.","7,712","7,718","7,778","7,666","","-0,68%"
"16 окт. 2019 г.","7,765","7,778","7,832","7,748","","-0,13%"
"15 окт. 2019 г.","7,775","7,817","7,828","7,720","","-1,35%"
"14 окт. 2019 г.","7,881","8,005","8,005","7,872","","-1,87%"
"11 окт. 2019 г.","8,031","8,011","8,069","7,886","","-1,83%"
"10 окт. 2019 г.","8,181","8,364","8,376","8,174","","-1,76%"
"09 окт. 2019 г.","8,328","8,344","8,387","8,239","","-1,76%"
"08 окт. 2019 г.","8,478","8,238","8,486","8,221","","4,62%"
"07 окт. 2019 г.","8,103","8,155","8,180","8,016","","0,36%"
"04 окт. 2019 г.","8,074","8,268","8,268","8,074","","-2,64%"
"03 окт. 2019 г.","8,293","8,472","8,633","8,292","","-2,45%"
"02 окт. 2019 г.","8,502","8,274","8,509","8,272","","3,68%"
"01 окт. 2019 г.","8,200","7,904","8,218","7,869","","3,43%"
"30 сент. 2019 г.","7,929","8,044","8,047","7,929","","-2,14%"
"27 сент. 2019 г.","8,102","7,951","8,206","7,929","","1,28%"
"26 сент. 2019 г.","7,999","7,952","8,071","7,934","","0,77%"
"25 сент. 2019 г.","7,938","8,005","8,117","7,925","","-1,25%"
"24 сент. 2019 г.","8,038","7,775","8,071","7,761","","2,52%"
"23 сент. 2019 г.","7,840","7,915","7,924","7,816","","-1,28%"
"20 сент. 2019 г.","7,942","7,636","7,947","7,614","","3,30%"
"19 сент. 2019 г.","7,689","7,668","7,697","7,574","","0,00%"
"18 сент. 2019 г.","7,688","7,788","7,880","7,680","","-1,50%"
"17 сент. 2019 г.","7,805","7,753","7,854","7,753","","0,54%"
"16 сент. 2019 г.","7,763","7,704","7,769","7,624","","1,71%"
"13 сент. 2019 г.","7,633","7,600","7,656","7,536","","0,12%"
"12 сент. 2019 г.","7,623","7,628","7,713","7,591","","-0,86%"
"11 сент. 2019 г.","7,689","7,755","7,779","7,676","","-0,86%"
"10 сент. 2019 г.","7,756","7,774","7,838","7,715","","0,52%"
"09 сент. 2019 г.","7,716","7,697","7,852","7,680","","-0,45%"
"06 сент. 2019 г.","7,751","7,813","7,852","7,722","","-1,55%"
"05 сент. 2019 г.","7,873","7,864","7,922","7,764","","-1,27%"
"04 сент. 2019 г.","7,974","8,108","8,181","7,974","","-3,38%"
"03 сент. 2019 г.","8,253","8,195","8,316","8,121","","1,83%"
"30 авг. 2019 г.","8,105","7,950","8,164","7,950","","0,92%"
"29 авг. 2019 г.","8,031","8,067","8,114","7,976","","-2,09%"
"28 авг. 2019 г.","8,203","8,391","8,442","8,192","","-1,60%"
"27 авг. 2019 г.","8,336","8,043","8,373","8,043","","2,80%"
"26 авг. 2019 г.","8,109","8,075","8,256","8,075","","-0,88%"
"23 авг. 2019 г.","8,181","7,824","8,391","7,650","","6,11%"
"22 авг. 2019 г.","7,710","7,586","7,863","7,578","","1,55%"
"21 авг. 2019 г.","7,593","7,676","7,876","7,589","","-4,44%"
"20 авг. 2019 г.","7,945","7,798","7,987","7,760","","2,28%"
"19 авг. 2019 г.","7,768","7,999","8,268","7,710","","-6,76%"
"16 авг. 2019 г.","8,331","8,670","8,895","8,331","","-6,32%"
"15 авг. 2019 г.","8,893","8,859","9,262","8,771","","0,01%"
"14 авг. 2019 г.","8,891","8,530","9,126","8,189","","12,07%"
"13 авг. 2019 г.","7,934","8,743","8,776","7,925","","-8,80%"
"12 авг. 2019 г.","8,700","8,218","8,726","8,183","","8,14%"
"09 авг. 2019 г.","8,045","7,948","8,197","7,887","","2,70%"
"08 авг. 2019 г.","7,834","8,067","8,139","7,799","","-4,91%"
"07 авг. 2019 г.","8,238","8,504","8,624","8,169","","-0,92%"
"06 авг. 2019 г.","8,314","8,184","8,450","8,150","","-2,29%"
"05 авг. 2019 г.","8,509","8,114","8,515","8,077","","8,49%"
"02 авг. 2019 г.","7,843","7,878","8,007","7,824","","-0,28%"
"01 авг. 2019 г.","7,865","7,663","7,947","7,503","","1,41%"
"31 июл. 2019 г.","7,756","7,459","7,801","7,373","","3,35%"
"30 июл. 2019 г.","7,504","7,419","7,524","7,363","","2,34%"
"29 июл. 2019 г.","7,332","7,345","7,400","7,320","","-0,23%"
"26 июл. 2019 г.","7,350","7,387","7,389","7,268","","-1,07%"
"25 июл. 2019 г.","7,429","7,303","7,449","7,299","","1,66%"
"24 июл. 2019 г.","7,308","7,453","7,453","7,271","","-1,62%"
"23 июл. 2019 г.","7,429","7,490","7,534","7,388","","-1,65%"
"22 июл. 2019 г.","7,554","7,567","7,643","7,493","","-0,67%"
"19 июл. 2019 г.","7,604","7,500","7,621","7,475","","1,01%"
"18 июл. 2019 г.","7,528","7,546","7,595","7,461","","-0,88%"
"17 июл. 2019 г.","7,595","7,405","7,595","7,393","","1,50%"
"16 июл. 2019 г.","7,483","7,367","7,483","7,352","","1,07%"
"15 июл. 2019 г.","7,404","7,381","7,439","7,346","","0,44%"
"12 июл. 2019 г.","7,371","7,364","7,414","7,342","","-0,30%"
"11 июл. 2019 г.","7,393","7,396","7,483","7,362","","-0,57%"
"10 июл. 2019 г.","7,435","7,489","7,498","7,412","","-1,49%"
"09 июл. 2019 г.","7,548","7,582","7,591","7,495","","0,61%"
"08 июл. 2019 г.","7,502","7,453","7,526","7,402","","1,55%"
"05 июл. 2019 г.","7,388","7,477","7,569","7,324","","0,23%"
"03 июл. 2019 г.","7,371","7,406","7,455","7,360","","-0,49%"
"02 июл. 2019 г.","7,407","7,571","7,584","7,398","","-1,92%"
"01 июл. 2019 г.","7,552","7,566","7,614","7,516","","-1,74%"
"28 июн. 2019 г.","7,685","7,829","7,848","7,677","","-1,82%"
"27 июн. 2019 г.","7,827","7,891","7,927","7,823","","-1,23%"
"26 июн. 2019 г.","7,925","7,881","7,961","7,847","","-0,42%"
"25 июн. 2019 г.","7,958","7,806","7,979","7,806","","2,00%"
"24 июн. 2019 г.","7,802","7,801","7,820","7,751","","-0,82%"
"21 июн. 2019 г.","7,867","7,700","7,867","7,683","","2,34%"
"20 июн. 2019 г.","7,687","7,652","7,860","7,612","","-0,31%"
"19 июн. 2019 г.","7,711","7,724","7,799","7,681","","-1,15%"
"18 июн. 2019 г.","7,801","7,706","7,807","7,654","","0,44%"
"17 июн. 2019 г.","7,767","7,839","7,847","7,760","","-0,99%"
"14 июн. 2019 г.","7,844","7,918","7,970","7,818","","-0,75%"
"13 июн. 2019 г.","7,904","7,856","7,934","7,838","","-0,11%"
"12 июн. 2019 г.","7,912","7,931","7,965","7,886","","0,18%"
"11 июн. 2019 г.","7,898","7,786","7,942","7,767","","0,67%"
"10 июн. 2019 г.","7,845","7,850","7,902","7,811","","-1,03%"
"07 июн. 2019 г.","7,927","7,849","7,945","7,808","","0,67%"
"06 июн. 2019 г.","7,875","7,948","7,990","7,847","","-0,99%"
"05 июн. 2019 г.","7,954","7,985","8,083","7,941","","-0,92%"
"04 июн. 2019 г.","8,028","8,140","8,209","8,028","","-3,01%"
"03 июн. 2019 г.","8,276","8,292","8,452","8,184","","-0,29%"
"31 мая 2019 г.","8,300","8,267","8,320","8,203","","2,63%"
"30 мая 2019 г.","8,088","8,086","8,201","8,054","","-1,17%"
"29 мая 2019 г.","8,183","8,154","8,230","8,080","","1,35%"
"28 мая 2019 г.","8,074","7,929","8,087","7,881","","1,55%"
"24 мая 2019 г.","7,951","7,876","8,031","7,845","","-0,94%"
"23 мая 2019 г.","8,026","7,891","8,076","7,891","","3,88%"
"22 мая 2019 г.","7,726","7,751","7,797","7,654","","0,06%"
"21 мая 2019 г.","7,722","7,870","7,973","7,700","","-4,16%"
"20 мая 2019 г.","8,057","8,159","8,279","7,929","","1,00%"
"17 мая 2019 г.","7,977","8,158","8,170","7,746","","1,43%"
"16 мая 2019 г.","7,865","8,138","8,138","7,782","","-4,04%"
"15 мая 2019 г.","8,196","8,789","8,860","8,160","","-4,44%"
"14 мая 2019 г.","8,576","8,719","8,766","8,455","","-5,05%"
"13 мая 2019 г.","9,033","8,857","9,065","8,615","","12,15%"
"10 мая 2019 г.","8,054","8,543","8,728","8,046","","-4,84%"
"09 мая 2019 г.","8,463","8,749","8,890","8,447","","0,00%"
"08 мая 2019 г.","8,463","8,600","8,654","8,382","","-0,60%"
"07 мая 2019 г.","8,514","8,252","8,748","8,229","","5,23%"
"06 мая 2019 г.","8,092","8,268","8,300","8,025","","2,06%"
"03 мая 2019 г.","7,929","8,012","8,012","7,881","","-2,44%"
"02 мая 2019 г.","8,127","8,029","8,231","8,022","","-0,08%"
"01 мая 2019 г.","8,134","7,907","8,146","7,826","","2,52%"
"30 апр. 2019 г.","7,934","7,894","8,030","7,886","","0,36%"
"29 апр. 2019 г.","7,905","7,900","7,931","7,834","","0,63%"
"26 апр. 2019 г.","7,856","7,949","8,005","7,852","","-1,65%"
"25 апр. 2019 г.","7,987","7,915","8,005","7,834","","1,75%"
"24 апр. 2019 г.","7,850","7,822","7,900","7,801","","0,42%"
"23 апр. 2019 г.","7,817","7,812","7,830","7,757","","0,01%"
"22 апр. 2019 г.","7,817","7,949","7,975","7,809","","-1,12%"
"18 апр. 2019 г.","7,905","7,887","7,975","7,856","","-0,07%"
"17 апр. 2019 г.","7,911","7,821","7,971","7,821","","-0,15%"
"16 апр. 2019 г.","7,922","7,830","7,927","7,814","","0,62%"
"15 апр. 2019 г.","7,873","7,818","7,977","7,803","","-0,30%"
"12 апр. 2019 г.","7,897","7,873","7,955","7,858","","-1,08%"
"11 апр. 2019 г.","7,983","8,005","8,027","7,925","","-1,04%"
"10 апр. 2019 г.","8,067","8,066","8,117","8,012","","-1,06%"
"09 апр. 2019 г.","8,154","7,993","8,164","7,985","","2,85%"
"08 апр. 2019 г.","7,928","8,002","8,013","7,893","","-0,54%"
"05 апр. 2019 г.","7,971","8,015","8,049","7,960","","-1,25%"
"04 апр. 2019 г.","8,072","8,065","8,118","8,011","","0,24%"
"03 апр. 2019 г.","8,053","8,050","8,168","8,036","","-1,12%"
"02 апр. 2019 г.","8,144","8,108","8,144","8,063","","0,69%"
"01 апр. 2019 г.","8,088","8,135","8,161","8,047","","-1,57%"
"29 мар. 2019 г.","8,217","8,321","8,354","8,160","","-1,94%"
"28 мар. 2019 г.","8,379","8,425","8,510","8,351","","-1,29%"
"27 мар. 2019 г.","8,488","8,337","8,546","8,304","","1,82%"
"26 мар. 2019 г.","8,336","8,338","8,412","8,260","","-1,97%"
"25 мар. 2019 г.","8,504","8,443","8,565","8,343","","1,18%"
"22 мар. 2019 г.","8,405","8,108","8,460","8,053","","5,03%"
"21 мар. 2019 г.","8,002","8,147","8,147","7,962","","-1,20%"
"20 мар. 2019 г.","8,099","8,039","8,119","7,935","","0,91%"
"19 мар. 2019 г.","8,026","7,916","8,106","7,896","","0,54%"
"18 мар. 2019 г.","7,983","7,933","7,996","7,867","","0,87%"
"15 мар. 2019 г.","7,914","8,025","8,028","7,866","","-1,39%"
"14 мар. 2019 г.","8,026","8,015","8,043","7,956","","-0,03%"
"13 мар. 2019 г.","8,028","8,075","8,088","8,000","","-1,20%"
"12 мар. 2019 г.","8,126","8,164","8,188","8,069","","-1,07%"
"11 мар. 2019 г.","8,214","8,468","8,473","8,193","","-3,78%"
"08 мар. 2019 г.","8,537","8,671","8,755","8,490","","0,46%"
"07 мар. 2019 г.","8,497","8,362","8,600","8,362","","1,92%"
"06 мар. 2019 г.","8,337","8,168","8,346","8,165","","1,93%"
"05 мар. 2019 г.","8,179","8,127","8,260","8,120","","0,61%"
"04 мар. 2019 г.","8,130","8,015","8,294","7,965","","0,85%"
"01 мар. 2019 г.","8,061","8,148","8,197","8,019","","-2,17%"
"28 февр. 2019 г.","8,240","8,240","8,270","8,150","","0,00%"
"27 февр. 2019 г.","8,240","8,290","8,390","8,160","","-0,24%"
"26 февр. 2019 г.","8,260","8,230","8,260","8,130","","1,47%"
"25 февр. 2019 г.","8,140","8,060","8,200","7,990","","-0,25%"
"22 февр. 2019 г.","8,160","8,280","8,290","8,160","","-2,04%"
"21 февр. 2019 г.","8,330","8,340","8,410","8,210","","0,48%"
"20 февр. 2019 г.","8,290","8,370","8,430","8,260","","-1,31%"
"19 февр. 2019 г.","8,400","8,470","8,490","8,320","","-0,24%"
"15 февр. 2019 г.","8,420","8,490","8,560","8,420","","-2,21%"
"14 февр. 2019 г.","8,610","8,570","8,630","8,460","","1,65%"
"13 февр. 2019 г.","8,470","8,510","8,550","8,440","","-1,17%"
"12 февр. 2019 г.","8,570","8,470","8,580","8,450","","-0,70%"
"11 февр. 2019 г.","8,630","8,590","8,670","8,550","","-0,35%"
"08 февр. 2019 г.","8,660","8,770","8,850","8,590","","-0,46%"
"07 февр. 2019 г.","8,700","8,690","8,870","8,620","","1,75%"
"06 февр. 2019 г.","8,550","8,550","8,610","8,470","","-0,58%"
"05 февр. 2019 г.","8,600","8,640","8,640","8,450","","-0,92%"
"04 февр. 2019 г.","8,680","8,870","8,910","8,650","","-2,25%"
"01 февр. 2019 г.","8,880","8,960","9,000","8,830","","-1,00%"
"31 янв. 2019 г.","8,970","9,160","9,170","8,940","","-2,29%"
"30 янв. 2019 г.","9,180","9,270","9,360","9,140","","-0,86%"
"29 янв. 2019 г.","9,260","9,320","9,420","9,250","","-1,38%"
"28 янв. 2019 г.","9,390","9,370","9,480","9,290","","2,18%"
"25 янв. 2019 г.","9,190","9,250","9,290","9,170","","-2,13%"
"24 янв. 2019 г.","9,390","9,570","9,600","9,340","","-1,68%"
"23 янв. 2019 г.","9,550","9,400","9,790","9,400","","-0,10%"
"22 янв. 2019 г.","9,560","9,260","9,610","9,260","","3,58%"
"18 янв. 2019 г.","9,230","9,250","9,350","9,150","","-1,07%"
"17 янв. 2019 г.","9,330","9,430","9,480","9,330","","-1,27%"
"16 янв. 2019 г.","9,450","9,320","9,480","9,270","","0,00%"
"15 янв. 2019 г.","9,450","9,640","9,640","9,320","","-2,28%"
"14 янв. 2019 г.","9,670","9,770","9,850","9,570","","-0,41%"
"11 янв. 2019 г.","9,710","9,920","9,940","9,680","","-1,42%"
"10 янв. 2019 г.","9,850","9,910","10,000","9,810","","-0,40%"
"09 янв. 2019 г.","9,890","9,900","9,960","9,770","","-0,60%"
"08 янв. 2019 г.","9,950","10,000","10,180","9,940","","-1,00%"
"07 янв. 2019 г.","10,050","10,130","10,250","9,940","","-0,89%"
"04 янв. 2019 г.","10,140","10,490","10,580","10,130","","-6,28%"
"03 янв. 2019 г.","10,820","10,590","11,000","10,550","","4,14%"
"02 янв. 2019 г.","10,390","11,020","11,070","10,350","","-2,72%"
"31 дек. 2018 г.","10,680","10,750","10,870","10,640","","-3,09%"
"28 дек. 2018 г.","11,020","11,040","11,310","10,870","","0,64%"
"27 дек. 2018 г.","10,950","11,090","11,500","10,940","","1,39%"
"26 дек. 2018 г.","10,800","10,890","11,120","10,710","","-2,35%"
"24 дек. 2018 г.","11,060","11,130","11,270","11,050","","0,18%"
"21 дек. 2018 г.","11,040","10,890","11,100","10,680","","1,75%"
"20 дек. 2018 г.","10,850","10,890","11,210","10,800","","0,28%"
"19 дек. 2018 г.","10,820","10,710","10,910","10,450","","1,03%"
"18 дек. 2018 г.","10,710","10,480","10,840","10,470","","1,61%"
"17 дек. 2018 г.","10,540","10,370","10,720","10,300","","2,63%"
"14 дек. 2018 г.","10,270","10,240","10,390","10,170","","1,58%"
"13 дек. 2018 г.","10,110","10,060","10,240","9,970","","-0,10%"
"12 дек. 2018 г.","10,120","9,960","10,160","9,930","","0,00%"
"11 дек. 2018 г.","10,120","9,920","10,360","9,900","","0,70%"
"10 дек. 2018 г.","10,050","10,130","10,510","10,050","","-0,40%"
"07 дек. 2018 г.","10,090","9,700","10,250","9,600","","4,13%"
"06 дек. 2018 г.","9,690","10,080","10,350","9,680","","0,62%"
"04 дек. 2018 г.","9,630","9,090","9,670","9,010","","7,12%"
"03 дек. 2018 г.","8,990","8,960","9,090","8,940","","-3,54%"
"30 нояб. 2018 г.","9,320","9,600","9,610","9,300","","-2,41%"
"29 нояб. 2018 г.","9,550","9,550","9,760","9,480","","0,95%"
"28 нояб. 2018 г.","9,460","9,590","9,750","9,400","","-2,37%"
"27 нояб. 2018 г.","9,690","9,880","9,930","9,670","","-1,22%"
"26 нояб. 2018 г.","9,810","10,050","10,050","9,780","","-4,20%"
"23 нояб. 2018 г.","10,240","10,250","10,280","10,100","","0,59%"
"21 нояб. 2018 г.","10,180","10,130","10,220","10,060","","-0,49%"
"20 нояб. 2018 г.","10,230","10,200","10,340","10,080","","4,18%"
"19 нояб. 2018 г.","9,820","9,480","9,910","9,450","","3,81%"
"16 нояб. 2018 г.","9,460","9,860","9,900","9,450","","-3,17%"
"15 нояб. 2018 г.","9,770","9,930","10,110","9,740","","-0,51%"
"14 нояб. 2018 г.","9,820","9,480","9,940","9,470","","2,40%"
"13 нояб. 2018 г.","9,590","9,510","9,740","9,430","","1,16%"
"12 нояб. 2018 г.","9,480","9,090","9,540","9,090","","3,83%"
"09 нояб. 2018 г.","9,130","8,970","9,190","8,950","","2,24%"
"08 нояб. 2018 г.","8,930","8,970","8,990","8,750","","-0,11%"
"07 нояб. 2018 г.","8,940","9,180","9,180","8,920","","-4,49%"
"06 нояб. 2018 г.","9,360","9,670","9,680","9,330","","-3,01%"
"05 нояб. 2018 г.","9,650","9,790","9,840","9,580","","-1,13%"
"02 нояб. 2018 г.","9,760","9,560","10,120","9,420","","0,72%"
"01 нояб. 2018 г.","9,690","10,060","10,230","9,660","","-4,44%"
"31 окт. 2018 г.","10,140","10,150","10,320","9,870","","-2,69%"
"30 окт. 2018 г.","10,420","10,830","10,940","10,310","","-2,43%"
"29 окт. 2018 г.","10,680","10,310","11,270","10,150","","2,30%"
"26 окт. 2018 г.","10,440","10,770","11,130","10,340","","0,87%"
"25 окт. 2018 г.","10,350","10,260","10,550","9,910","","1,37%"
"24 окт. 2018 г.","10,210","9,530","10,530","9,460","","8,96%"
"23 окт. 2018 г.","9,370","10,000","10,310","9,370","","1,08%"
"22 окт. 2018 г.","9,270","9,090","9,630","9,070","","0,98%"
"19 окт. 2018 г.","9,180","9,140","9,480","8,940","","0,11%"
"18 окт. 2018 г.","9,170","8,770","9,570","8,770","","7,50%"
"17 окт. 2018 г.","8,530","8,550","9,090","8,530","","-0,81%"
"16 окт. 2018 г.","8,600","8,830","8,900","8,520","","-5,60%"
"15 окт. 2018 г.","9,110","9,060","9,260","8,900","","2,59%"
"12 окт. 2018 г.","8,880","8,800","9,500","8,790","","-2,09%"
"11 окт. 2018 г.","9,070","8,930","9,620","8,820","","0,89%"
"10 окт. 2018 г.","8,990","8,290","9,010","8,290","","9,63%"
"09 окт. 2018 г.","8,200","8,300","8,380","8,100","","0,37%"
"08 окт. 2018 г.","8,170","8,230","8,550","8,130","","1,36%"
"05 окт. 2018 г.","8,060","8,000","8,360","7,930","","1,00%"
"04 окт. 2018 г.","7,980","7,920","8,230","7,920","","1,79%"
"03 окт. 2018 г.","7,840","7,800","7,910","7,780","","-0,76%"
"02 окт. 2018 г.","7,900","7,850","7,910","7,770","","0,64%"
"01 окт. 2018 г.","7,850","7,770","7,900","7,740","","-0,38%"
"28 сент. 2018 г.","7,880","7,950","7,980","7,850","","-0,38%"
"27 сент. 2018 г.","7,910","7,910","7,930","7,820","","-1,00%"
"26 сент. 2018 г.","7,990","7,860","8,020","7,820","","1,40%"
"25 сент. 2018 г.","7,880","7,800","7,940","7,760","","0,51%"
"24 сент. 2018 г.","7,840","7,950","8,020","7,840","","-1,13%"
"21 сент. 2018 г.","7,930","7,860","7,940","7,810","","1,02%"
"20 сент. 2018 г.","7,850","7,860","7,930","7,830","","-0,88%"
"19 сент. 2018 г.","7,920","7,890","7,930","7,830","","-0,38%"
"18 сент. 2018 г.","7,950","7,930","8,000","7,830","","0,00%"
"17 сент. 2018 г.","7,950","7,820","7,970","7,790","","1,92%"
"14 сент. 2018 г.","7,800","7,840","7,920","7,770","","-1,14%"
"13 сент. 2018 г.","7,890","7,930","7,930","7,850","","-1,87%"
"12 сент. 2018 г.","8,040","8,100","8,120","7,980","","-0,99%"
"11 сент. 2018 г.","8,120","8,370","8,400","8,100","","-2,40%"
"10 сент. 2018 г.","8,320","8,360","8,400","8,280","","-2,23%"
"07 сент. 2018 г.","8,510","8,470","8,540","8,350","","0,71%"
"06 сент. 2018 г.","8,450","8,260","8,470","8,240","","2,18%"
"05 сент. 2018 г.","8,270","8,220","8,330","8,200","","1,47%"
"04 сент. 2018 г.","8,150","8,220","8,320","8,140","","0,25%"
"31 авг. 2018 г.","8,130","8,310","8,330","8,130","","-2,05%"
"30 авг. 2018 г.","8,300","8,190","8,370","8,140","","1,97%"
"29 авг. 2018 г.","8,140","8,100","8,190","8,070","","0,00%"
"28 авг. 2018 г.","8,140","8,010","8,160","8,000","","0,62%"
"27 авг. 2018 г.","8,090","7,960","8,090","7,950","","0,37%"
"24 авг. 2018 г.","8,060","8,010","8,070","7,940","","-0,37%"
"23 авг. 2018 г.","8,090","8,030","8,090","7,940","","0,75%"
"22 авг. 2018 г.","8,030","8,010","8,090","7,990","","-0,50%"
"21 авг. 2018 г.","8,070","7,900","8,090","7,850","","1,64%"
"20 авг. 2018 г.","7,940","7,940","8,000","7,900","","-1,00%"
"17 авг. 2018 г.","8,020","8,200","8,220","7,980","","-1,47%"
"16 авг. 2018 г.","8,140","8,190","8,250","8,050","","-1,45%"
"15 авг. 2018 г.","8,260","8,320","8,620","8,260","","1,47%"
"14 авг. 2018 г.","8,140","8,280","8,360","8,100","","-2,75%"
"13 авг. 2018 г.","8,370","8,170","8,380","8,020","","2,70%"
"10 авг. 2018 г.","8,150","8,160","8,180","8,040","","2,52%"
"09 авг. 2018 г.","7,950","7,900","7,950","7,840","","0,38%"
"08 авг. 2018 г.","7,920","7,910","7,940","7,830","","0,13%"
"07 авг. 2018 г.","7,910","7,990","8,000","7,900","","-1,98%"
"06 авг. 2018 г.","8,070","8,210","8,230","8,020","","-1,82%"
"03 авг. 2018 г.","8,220","8,230","8,260","8,140","","-0,48%"
"02 авг. 2018 г.","8,260","8,460","8,480","8,210","","-0,60%"
"01 авг. 2018 г.","8,310","8,260","8,340","8,190","","0,36%"
"31 июл. 2018 г.","8,280","8,310","8,390","8,260","","-2,47%"
"30 июл. 2018 г.","8,490","8,290","8,510","8,280","","1,68%"
"27 июл. 2018 г.","8,350","8,210","8,470","8,190","","1,09%"
"26 июл. 2018 г.","8,260","8,240","8,290","8,180","","0,24%"
"25 июл. 2018 г.","8,240","8,290","8,290","8,150","","-0,24%"
"24 июл. 2018 г.","8,260","8,140","8,370","8,140","","-0,24%"
"23 июл. 2018 г.","8,280","8,310","8,390","8,250","","-0,72%"
"20 июл. 2018 г.","8,340","8,310","8,350","8,240","","0,85%"
"19 июл. 2018 г.","8,270","8,280","8,310","8,210","","0,61%"
"18 июл. 2018 г.","8,220","8,170","8,260","8,110","","0,49%"
"17 июл. 2018 г.","8,180","8,230","8,240","8,070","","0,12%"
"16 июл. 2018 г.","8,170","8,160","8,240","8,100","","0,25%"
"13 июл. 2018 г.","8,150","8,210","8,280","8,120","","-0,73%"
"12 июл. 2018 г.","8,210","8,260","8,320","8,170","","-1,91%"
"11 июл. 2018 г.","8,370","8,440","8,460","8,280","","1,95%"
"10 июл. 2018 г.","8,210","8,290","8,350","8,180","","-1,32%"
"09 июл. 2018 г.","8,320","8,530","8,540","8,300","","-4,48%"
"06 июл. 2018 г.","8,710","8,890","8,920","8,660","","-2,35%"
"05 июл. 2018 г.","8,920","8,960","9,060","8,880","","-2,09%"
"03 июл. 2018 г.","9,110","8,910","9,120","8,890","","1,45%"
"02 июл. 2018 г.","8,980","9,200","9,280","8,970","","0,00%"
"29 июн. 2018 г.","8,980","8,860","9,000","8,760","","-0,44%"
"28 июн. 2018 г.","9,020","9,140","9,360","9,010","","-1,31%"
"27 июн. 2018 г.","9,140","8,790","9,170","8,660","","3,39%"
"26 июн. 2018 г.","8,840","8,800","8,930","8,740","","0,00%"
"25 июн. 2018 г.","8,840","8,480","9,100","8,480","","5,36%"
"22 июн. 2018 г.","8,390","8,270","8,400","8,270","","-1,06%"
"21 июн. 2018 г.","8,480","8,270","8,540","8,260","","2,91%"
"20 июн. 2018 г.","8,240","8,160","8,300","8,130","","-0,36%"
"19 июн. 2018 г.","8,270","8,310","8,390","8,190","","2,61%"
"18 июн. 2018 г.","8,060","8,270","8,330","8,050","","-0,86%"
"15 июн. 2018 г.","8,130","8,240","8,290","8,130","","-0,61%"
"14 июн. 2018 г.","8,180","8,170","8,200","8,070","","-2,04%"
"13 июн. 2018 г.","8,350","8,210","8,360","8,160","","0,97%"
"12 июн. 2018 г.","8,270","8,210","8,310","8,200","","0,24%"
"11 июн. 2018 г.","8,250","8,270","8,330","8,220","","-0,48%"
"08 июн. 2018 г.","8,290","8,400","8,400","8,220","","0,24%"
"07 июн. 2018 г.","8,270","8,180","8,410","8,160","","0,61%"
"06 июн. 2018 г.","8,220","8,360","8,390","8,180","","-1,91%"
"05 июн. 2018 г.","8,380","8,470","8,500","8,370","","-1,06%"
"04 июн. 2018 г.","8,470","8,560","8,580","8,450","","-2,53%"
"01 июн. 2018 г.","8,690","8,700","8,750","8,640","","-3,34%"
"31 мая 2018 г.","8,990","8,880","9,040","8,860","","1,01%"
"30 мая 2018 г.","8,900","8,800","8,920","8,720","","0,11%"
"29 мая 2018 г.","8,890","8,700","8,970","8,570","","3,98%"
"25 мая 2018 г.","8,550","8,540","8,570","8,420","","0,94%"
"24 мая 2018 г.","8,470","8,520","8,720","8,460","","-0,24%"
"23 мая 2018 г.","8,490","8,760","8,810","8,470","","-1,39%"
"22 мая 2018 г.","8,610","8,450","8,630","8,430","","1,18%"
"21 мая 2018 г.","8,510","8,530","8,580","8,450","","-2,85%"
"18 мая 2018 г.","8,760","8,670","8,790","8,640","","0,92%"
"17 мая 2018 г.","8,680","8,790","8,810","8,630","","-1,03%"
"16 мая 2018 г.","8,770","8,870","8,870","8,680","","-1,79%"
"15 мая 2018 г.","8,930","8,700","8,940","8,690","","4,20%"
"14 мая 2018 г.","8,570","8,670","8,670","8,510","","-1,72%"
"11 мая 2018 г.","8,720","8,860","8,880","8,720","","-2,13%"
"10 мая 2018 г.","8,910","9,160","9,160","8,860","","-2,84%"
"09 мая 2018 г.","9,170","9,320","9,350","9,140","","-2,24%"
"08 мая 2018 г.","9,380","9,440","9,500","9,360","","-0,42%"
"07 мая 2018 г.","9,420","9,390","9,450","9,340","","0,11%"
"04 мая 2018 г.","9,410","9,640","9,680","9,380","","-0,95%"
"03 мая 2018 г.","9,500","9,610","9,870","9,480","","-1,04%"
"02 мая 2018 г.","9,600","9,480","9,610","9,310","","1,48%"
"01 мая 2018 г.","9,460","9,730","9,730","9,450","","-2,17%"
"30 апр. 2018 г.","9,670","9,590","9,690","9,510","","0,21%"
"27 апр. 2018 г.","9,650","9,670","9,810","9,620","","-0,31%"
"26 апр. 2018 г.","9,680","9,830","9,900","9,630","","-2,62%"
"25 апр. 2018 г.","9,940","9,840","10,070","9,830","","1,33%"
"24 апр. 2018 г.","9,810","9,550","10,180","9,520","","1,24%"
"23 апр. 2018 г.","9,690","9,720","9,810","9,540","","-0,62%"
"20 апр. 2018 г.","9,750","9,610","9,810","9,570","","1,14%"
"19 апр. 2018 г.","9,640","9,710","9,800","9,570","","0,42%"
"18 апр. 2018 г.","9,600","9,810","9,960","9,490","","-1,54%"
"17 апр. 2018 г.","9,750","9,910","9,940","9,620","","-2,89%"
"16 апр. 2018 г.","10,040","10,180","10,180","9,980","","-2,81%"
"13 апр. 2018 г.","10,330","10,400","10,510","10,300","","-1,90%"
"12 апр. 2018 г.","10,530","10,690","10,710","10,500","","-2,86%"
"11 апр. 2018 г.","10,840","10,860","10,910","10,690","","0,93%"
"10 апр. 2018 г.","10,740","10,630","10,850","10,630","","-1,74%"
"09 апр. 2018 г.","10,930","10,690","10,930","10,570","","1,02%"
"06 апр. 2018 г.","10,820","10,590","11,290","10,350","","5,56%"
"05 апр. 2018 г.","10,250","10,530","10,690","10,210","","-3,67%"
"04 апр. 2018 г.","10,640","11,680","11,710","10,590","","-2,30%"
"03 апр. 2018 г.","10,890","11,090","11,400","10,860","","-3,37%"
"02 апр. 2018 г.","11,270","10,760","11,760","10,660","","6,02%"
"29 мар. 2018 г.","10,630","10,890","11,000","10,430","","-4,15%"
"28 мар. 2018 г.","11,090","10,810","11,320","10,760","","2,21%"
"27 мар. 2018 г.","10,850","10,360","11,030","10,360","","4,33%"
"26 мар. 2018 г.","10,400","10,360","10,650","10,300","","-2,44%"
"23 мар. 2018 г.","10,660","10,310","10,760","10,110","","3,90%"
"22 мар. 2018 г.","10,260","10,250","10,440","10,080","","3,32%"
"21 мар. 2018 г.","9,930","9,940","9,990","9,650","","-0,50%"
"20 мар. 2018 г.","9,980","10,030","10,150","9,910","","0,71%"
"19 мар. 2018 г.","9,910","9,800","10,250","9,800","","2,16%"
"16 мар. 2018 г.","9,700","9,790","9,790","9,620","","-1,62%"
"15 мар. 2018 г.","9,860","9,930","10,060","9,780","","-1,40%"
"14 мар. 2018 г.","10,000","9,770","10,100","9,740","","1,42%"
"13 мар. 2018 г.","9,860","9,650","9,940","9,610","","1,23%"
"12 мар. 2018 г.","9,740","9,590","9,800","9,520","","1,46%"
"09 мар. 2018 г.","9,600","9,910","9,910","9,510","","-4,29%"
"08 мар. 2018 г.","10,030","10,080","10,160","9,980","","-1,18%"
"07 мар. 2018 г.","10,150","10,350","10,440","10,150","","-0,29%"
"06 мар. 2018 г.","10,180","9,970","10,330","9,960","","1,29%"
"05 мар. 2018 г.","10,050","10,420","10,420","10,000","","-1,95%"
"02 мар. 2018 г.","10,250","10,760","10,860","10,210","","-1,06%"
"01 мар. 2018 г.","10,360","10,000","10,640","9,930","","3,81%"
"28 февр. 2018 г.","9,980","9,620","10,090","9,600","","2,99%"
"27 февр. 2018 г.","9,690","9,430","9,890","9,380","","3,97%"
"26 февр. 2018 г.","9,320","9,440","9,530","9,300","","-2,82%"
"23 февр. 2018 г.","9,590","9,900","9,970","9,540","","-3,52%"
"22 февр. 2018 г.","9,940","10,000","10,200","9,890","","-2,26%"
"21 февр. 2018 г.","10,170","9,940","10,290","9,620","","1,50%"
"20 февр. 2018 г.","10,020","10,010","10,270","9,770","","2,66%"
"16 февр. 2018 г.","9,760","9,840","9,890","9,360","","1,04%"
"15 февр. 2018 г.","9,660","9,480","10,000","9,460","","-1,93%"
"14 февр. 2018 г.","9,850","10,990","11,070","9,730","","-9,80%"
"13 февр. 2018 г.","10,920","11,370","11,500","10,910","","-0,18%"
"12 февр. 2018 г.","10,940","11,210","11,720","10,890","","-3,19%"
"09 февр. 2018 г.","11,300","11,760","13,010","11,280","","-5,52%"
"08 февр. 2018 г.","11,960","10,700","12,650","10,680","","9,22%"
"07 февр. 2018 г.","10,950","10,630","11,380","10,030","","-3,78%"
"06 февр. 2018 г.","11,380","12,040","12,210","10,390","","-11,85%"
"05 февр. 2018 г.","12,910","9,550","13,400","9,160","","37,93%"
"02 февр. 2018 г.","9,360","8,930","9,380","8,930","","6,24%"
"01 февр. 2018 г.","8,810","9,010","9,050","8,660","","-1,34%"
"31 янв. 2018 г.","8,930","8,970","9,130","8,880","","-1,98%"
"30 янв. 2018 г.","9,110","9,130","9,320","8,990","","1,33%"
"29 янв. 2018 г.","8,990","8,820","9,040","8,700","","3,33%"
"26 янв. 2018 г.","8,700","8,650","8,750","8,620","","-0,34%"
"25 янв. 2018 г.","8,730","8,600","8,770","8,590","","1,16%"
"24 янв. 2018 г.","8,630","8,470","8,750","8,470","","1,65%"
"23 янв. 2018 г.","8,490","8,340","8,520","8,310","","1,80%"
"22 янв. 2018 г.","8,340","8,450","8,460","8,310","","-0,60%"
"19 янв. 2018 г.","8,390","8,430","8,460","8,360","","-0,83%"
"18 янв. 2018 г.","8,460","8,430","8,580","8,330","","0,83%"
"17 янв. 2018 г.","8,390","8,470","8,550","8,330","","-0,94%"
"16 янв. 2018 г.","8,470","8,250","8,590","8,240","","2,67%"
"12 янв. 2018 г.","8,250","8,230","8,280","8,200","","0,12%"
"11 янв. 2018 г.","8,240","8,230","8,300","8,190","","-0,72%"
"10 янв. 2018 г.","8,300","8,450","8,550","8,270","","-1,19%"
"09 янв. 2018 г.","8,400","8,370","8,440","8,320","","0,00%"
"08 янв. 2018 г.","8,400","8,460","8,480","8,320","","-0,47%"
"05 янв. 2018 г.","8,440","8,490","8,530","8,420","","-0,71%"
"04 янв. 2018 г.","8,500","8,390","8,520","8,360","","0,47%"
"03 янв. 2018 г.","8,460","8,480","8,590","8,430","","-1,51%"
"02 янв. 2018 г.","8,590","8,730","8,820","8,540","","-2,61%"